country,population,gdp_per_capita,avg_cpc,trend_slope,pray_score
CA,41288599,54282.6176051733,0.3,0.048,20
US,340110988,85809.9003846356,1.2,0.45,20
GB,69226000,52636.7865943853,0.3,0.094,20
ZA,64007187,6253.37158194543,0.3,0.0,16
BR,211998573,10280.3148624429,0.32,0.0,16
MX,130861007,14157.9445835849,0.3,-0.019,16
IN,1450935791,2696.66389984463,0.18,0.524,14
AU,27204809,64407.484256932,0.3,0.0,13
ID,283487931,4925.43048751861,0.22,-0.04,10
